<?xml version="1.0" encoding="utf-8"?>
<ExtensionPackages Version="1.0.0.0" Compression="none">
<ExtensionPackage>
  <Name>atlmfc.natvis</Name>
  <Version>$#Engine_version#$</Version>
  <MinDebuggerSupported>10.0.16171.1000</MinDebuggerSupported>
  <Components>
    <ScriptComponent Name="atlmfc" Type="Engine" File="Visualizers\atlmfc.natvis" FilePathKind="RepositoryRelative">
        <LoadTriggers>
            <TriggerSet>
                <OSTrigger Name="Windows" />
            </TriggerSet>
        </LoadTriggers>
    </ScriptComponent>
  </Components>
</ExtensionPackage>

<ExtensionPackage>
  <Name>ObjectiveC.natvis</Name>
  <Version>$#Engine_version#$</Version>
  <MinDebuggerSupported>10.0.16171.1000</MinDebuggerSupported>
  <Components>
    <ScriptComponent Name="ObjectiveC" Type="Engine" File="Visualizers\ObjectiveC.natvis" FilePathKind="RepositoryRelative">
        <LoadTriggers>
            <TriggerSet>
                <OSTrigger Name="Windows" />
            </TriggerSet>
        </LoadTriggers>
    </ScriptComponent>
  </Components>
</ExtensionPackage>

<ExtensionPackage>
  <Name>concurrency.natvis</Name>
  <Version>$#Engine_version#$</Version>
  <MinDebuggerSupported>10.0.16171.1000</MinDebuggerSupported>
  <Components>
    <ScriptComponent Name="concurrency" Type="Engine" File="Visualizers\concurrency.natvis" FilePathKind="RepositoryRelative">
        <LoadTriggers>
            <TriggerSet>
                <OSTrigger Name="Windows" />
            </TriggerSet>
        </LoadTriggers>
    </ScriptComponent>
  </Components>
</ExtensionPackage>

<ExtensionPackage>
  <Name>cpp_rest.natvis</Name>
  <Version>$#Engine_version#$</Version>
  <MinDebuggerSupported>10.0.16171.1000</MinDebuggerSupported>
  <Components>
    <ScriptComponent Name="cpp_rest" Type="Engine" File="Visualizers\cpp_rest.natvis" FilePathKind="RepositoryRelative">
        <LoadTriggers>
            <TriggerSet>
                <OSTrigger Name="Windows" />
            </TriggerSet>
        </LoadTriggers>
    </ScriptComponent>
  </Components>
</ExtensionPackage>

<ExtensionPackage>
  <Name>Kernel.natvis</Name>
  <Version>$#Engine_version#$</Version> 
  <MinDebuggerSupported>10.0.16171.1000</MinDebuggerSupported>
  <Components>
    <ScriptComponent Name="Kernel" Type="Engine" File="Visualizers\Kernel.natvis" FilePathKind="RepositoryRelative">
        <LoadTriggers>
            <TriggerSet>
                <OSTrigger Name="Windows" />
                <TargetTrigger Type="Kernel" />
            </TriggerSet>
        </LoadTriggers>
    </ScriptComponent>
  </Components>
</ExtensionPackage>

<ExtensionPackage>
  <Name>stl.natvis</Name>
  <Version>$#Engine_version#$</Version>
  <MinDebuggerSupported>10.0.16171.1000</MinDebuggerSupported>
  <Components>
    <ScriptComponent Name="stl" Type="Engine" File="Visualizers\stl.natvis" FilePathKind="RepositoryRelative">
        <LoadTriggers>
            <TriggerSet>
                <OSTrigger Name="Windows" />
            </TriggerSet>
        </LoadTriggers>
    </ScriptComponent>
  </Components>
</ExtensionPackage>

<ExtensionPackage>
  <Name>gstl.natvis</Name>
  <Version>$#Engine_version#$</Version>
  <MinDebuggerSupported>10.0.16171.1000</MinDebuggerSupported>
  <Components>
    <ScriptComponent Name="gstl" Type="Engine" File="Visualizers\gstl.natvis" FilePathKind="RepositoryRelative">
        <LoadTriggers>
            <TriggerSet>
                <OSTrigger Name="UNIX" />
            </TriggerSet>
        </LoadTriggers>
    </ScriptComponent>
  </Components>
</ExtensionPackage>

<ExtensionPackage>
  <Name>TAEF.natvis</Name>
  <Version>$#Engine_version#$</Version>
  <MinDebuggerSupported>10.0.16171.1000</MinDebuggerSupported>
  <Components>
    <ScriptComponent Name="TAEF" Type="Engine" File="Visualizers\TAEF.natvis" FilePathKind="RepositoryRelative">
        <LoadTriggers>
            <TriggerSet>
                <OSTrigger Name="Windows" />
            </TriggerSet>
        </LoadTriggers>
    </ScriptComponent>
  </Components>
</ExtensionPackage>

<ExtensionPackage>
  <Name>User.natvis</Name>
  <Version>$#Engine_version#$</Version>
  <MinDebuggerSupported>10.0.16171.1000</MinDebuggerSupported>
  <Components>
    <ScriptComponent Name="User" Type="Engine" File="Visualizers\User.natvis" FilePathKind="RepositoryRelative">
        <LoadTriggers>
            <TriggerSet>
                <OSTrigger Name="Windows" />
                <TargetTrigger Type="Kernel" />
            </TriggerSet>
        </LoadTriggers>
    </ScriptComponent>
  </Components>
</ExtensionPackage>

<ExtensionPackage>
  <Name>wil.natvis</Name>
  <Version>$#Engine_version#$</Version>
  <MinDebuggerSupported>10.0.16171.1000</MinDebuggerSupported>
  <Components>
    <ScriptComponent Name="wil" Type="Engine" File="Visualizers\wil.natvis" FilePathKind="RepositoryRelative">
        <LoadTriggers>
            <TriggerSet>
                <OSTrigger Name="Windows" />
            </TriggerSet>
        </LoadTriggers>
    </ScriptComponent>
  </Components>
</ExtensionPackage>

<ExtensionPackage>
  <Name>Windows.Data.Json.natvis</Name>
  <Version>$#Engine_version#$</Version>
  <MinDebuggerSupported>10.0.16171.1000</MinDebuggerSupported>
  <Components>
    <ScriptComponent Name="Windows.Data.Json" Type="Engine" File="Visualizers\Windows.Data.Json.natvis" FilePathKind="RepositoryRelative">
        <LoadTriggers>
            <TriggerSet>
                <OSTrigger Name="Windows" />
            </TriggerSet>
        </LoadTriggers>
    </ScriptComponent>
  </Components>
</ExtensionPackage>

<ExtensionPackage>
  <Name>Windows.Devices.Geolocation.natvis</Name>
  <Version>$#Engine_version#$</Version>
  <MinDebuggerSupported>10.0.16171.1000</MinDebuggerSupported>
  <Components>
    <ScriptComponent Name="Windows.Devices.Geolocation" Type="Engine" File="Visualizers\Windows.Devices.Geolocation.natvis" FilePathKind="RepositoryRelative">
        <LoadTriggers>
            <TriggerSet>
                <OSTrigger Name="Windows" />
            </TriggerSet>
        </LoadTriggers>
    </ScriptComponent>
  </Components>
</ExtensionPackage>

<ExtensionPackage>
  <Name>Windows.Devices.Sensors.natvis</Name>
  <Version>$#Engine_version#$</Version>
  <MinDebuggerSupported>10.0.16171.1000</MinDebuggerSupported>
  <Components>
    <ScriptComponent Name="Windows.Devices.Sensors" Type="Engine" File="Visualizers\Windows.Devices.Sensors.natvis" FilePathKind="RepositoryRelative">
        <LoadTriggers>
            <TriggerSet>
                <OSTrigger Name="Windows" />
            </TriggerSet>
        </LoadTriggers>
    </ScriptComponent>
  </Components>
</ExtensionPackage>

<ExtensionPackage>
  <Name>Windows.Media.natvis</Name>
  <Version>$#Engine_version#$</Version>
  <MinDebuggerSupported>10.0.16171.1000</MinDebuggerSupported>
  <Components>
    <ScriptComponent Name="Windows.Media" Type="Engine" File="Visualizers\Windows.Media.natvis" FilePathKind="RepositoryRelative">
        <LoadTriggers>
            <TriggerSet>
                <OSTrigger Name="Windows" />
            </TriggerSet>
        </LoadTriggers>
    </ScriptComponent>
  </Components>
</ExtensionPackage>

<ExtensionPackage>
  <Name>windows.natvis</Name>
  <Version>$#Engine_version#$</Version>
  <MinDebuggerSupported>10.0.16171.1000</MinDebuggerSupported>
  <Components>
    <ScriptComponent Name="windows" Type="Engine" File="Visualizers\windows.natvis" FilePathKind="RepositoryRelative">
        <LoadTriggers>
            <TriggerSet>
                <OSTrigger Name="Windows" />
            </TriggerSet>
        </LoadTriggers>
    </ScriptComponent>
  </Components>
</ExtensionPackage>

<ExtensionPackage>
  <Name>WindowsInternal.natvis</Name>
  <Version>$#Engine_version#$</Version>
  <MinDebuggerSupported>10.0.16171.1000</MinDebuggerSupported>
  <Components>
    <ScriptComponent Name="WindowsInternal" Type="Engine" File="Visualizers\WindowsInternal.natvis" FilePathKind="RepositoryRelative">
        <LoadTriggers>
            <TriggerSet>
                <OSTrigger Name="Windows" />
            </TriggerSet>
        </LoadTriggers>
    </ScriptComponent>
  </Components>
</ExtensionPackage>

<ExtensionPackage>
  <Name>winrt.natvis</Name>
  <Version>$#Engine_version#$</Version>
  <MinDebuggerSupported>10.0.16171.1000</MinDebuggerSupported>
  <Components>
    <ScriptComponent Name="winrt" Type="Engine" File="Visualizers\winrt.natvis" FilePathKind="RepositoryRelative">
        <LoadTriggers>
            <TriggerSet>
                <OSTrigger Name="Windows" />
            </TriggerSet>
        </LoadTriggers>
    </ScriptComponent>
  </Components>
</ExtensionPackage>
</ExtensionPackages>
