<?xml version="1.0" encoding="utf-8"?>
<ExtensionPackages Version="1.0.0.0" Compression="none">
<ExtensionPackage>
    <Name>ext</Name>
    <Version>1.0.0.0</Version>
    <MinDebuggerSupported>6.13.16.2161</MinDebuggerSupported>
    <Description><![CDATA[]]></Description>
    <ReleaseNotes><![CDATA[]]></ReleaseNotes>
    <Authors>BADEV</Authors>
    <IconUri></IconUri>
    <LicenseUri></LicenseUri>
    <ProjectUri></ProjectUri>
    <Tags></Tags>
    <Copyright><![CDATA[]]></Copyright>
    <DatePublished></DatePublished>
    <DependOnPackages>
    </DependOnPackages>
    <Components>
        <BinaryComponent Name="Ext" Type="Engine">
            <Files>
                <File Architecture="Any" Module="winext\ext.dll" FilePathKind="RepositoryRelative" />
            </Files>
            <EngineCommands>
                <EngineCommand Name="address">
                    <EngineCommandItem>
                        <Syntax>
<![CDATA[!address [address]]]>
                        </Syntax>
                        <Description>
<![CDATA[Displays the address space layout]]>
                        </Description>
                    </EngineCommandItem>
                    <EngineCommandItem>
                        <Syntax>
<![CDATA[!address [-UsageType]]]>
                        </Syntax>
                        <Description>
<![CDATA[Displays the address space regions of the given type]]>
                        </Description>
                    </EngineCommandItem>
                </EngineCommand>
                <EngineCommand Name="analyze">
                    <EngineCommandItem>
                        <Syntax>
<![CDATA[!analyze [-v]]]>
                        </Syntax>
                        <Description>
<![CDATA[Analyzes current exception or bugcheck]]>
                        </Description>
                    </EngineCommandItem>
                </EngineCommand>
                <EngineCommand Name="cpuid">
                    <EngineCommandItem>
                        <Syntax>
<![CDATA[!cpuid [processor]]]>
                        </Syntax>
                        <Description>
<![CDATA[Displays CPU version info for all CPUs]]>
                        </Description>
                    </EngineCommandItem>
                </EngineCommand>
                <EngineCommand Name="elog_str">
                    <EngineCommandItem>
                        <Syntax>
<![CDATA[!elog_str <message>]]>
                        </Syntax>
                        <Description>
<![CDATA[Logs simple message to host event log]]>
                        </Description>
                    </EngineCommandItem>
                </EngineCommand>
                <EngineCommand Name="cppexr">
                    <EngineCommandItem>
                        <Syntax>
<![CDATA[!cppexr <exraddress>]]>
                        </Syntax>
                        <Description>
<![CDATA[Displays a C++ EXCEPTION_RECORD]]>
                        </Description>
                    </EngineCommandItem>
                </EngineCommand>
                <EngineCommand Name="error">
                    <EngineCommandItem>
                        <Syntax>
<![CDATA[!error [errorcode]]]>
                        </Syntax>
                        <Description>
<![CDATA[Displays Win32 & NTSTATUS error string]]>
                        </Description>
                    </EngineCommandItem>
                </EngineCommand>
                <EngineCommand Name="exchain">
                    <EngineCommandItem>
                        <Syntax>
<![CDATA[!exchain]]>
                        </Syntax>
                        <Description>
<![CDATA[Displays exception chain for current thread]]>
                        </Description>
                    </EngineCommandItem>
                </EngineCommand>
                <EngineCommand Name="findxmldata">
                    <EngineCommandItem>
                        <Syntax>
<![CDATA[!findxmldata]]>
                        </Syntax>
                        <Description>
<![CDATA[Displays data from cabbed sysdata.xml
The command is available only for kernel debugging or a small kernel dump.]]>
                        </Description>
                    </EngineCommandItem>
                </EngineCommand>
                <EngineCommand Name="for_each_frame">
                    <EngineCommandItem>
                        <Syntax>
<![CDATA[!for_each_frame <cmd>]]>
                        </Syntax>
                        <Description>
<![CDATA[Executes command for each frame in current thread]]>
                        </Description>
                    </EngineCommandItem>
                </EngineCommand>
                <EngineCommand Name="for_each_frame">
                    <EngineCommandItem>
                        <Syntax>
<![CDATA[!for_each_local <cmd> $$<n>]]>
                        </Syntax>
                        <Description>
<![CDATA[Executes command for each local variable in current frame, substituting fixed-name alias $u<n> for each occurrence of $$<n>]]>
                        </Description>
                    </EngineCommandItem>
                </EngineCommand>
                <EngineCommand Name="for_each_process">
                    <EngineCommandItem>
                        <Syntax>
<![CDATA[!for_each_process <cmd>]]>
                        </Syntax>
                        <Description>
<![CDATA[Executes command for each process. 
The command is available only for kernel debugging.]]>
                        </Description>
                    </EngineCommandItem>
                </EngineCommand>
                <EngineCommand Name="for_each_thread">
                    <EngineCommandItem>
                        <Syntax>
<![CDATA[!for_each_thread <cmd>]]>
                        </Syntax>
                        <Description>
<![CDATA[Executes command for each thread. 
The command is available only for kernel debugging.]]>
                        </Description>
                    </EngineCommandItem>
                </EngineCommand>
                <EngineCommand Name="gle">
                    <EngineCommandItem>
                        <Syntax>
<![CDATA[!gle [-all]]]>
                        </Syntax>
                        <Description>
<![CDATA[Displays last error & status for current thread]]>
                        </Description>
                    </EngineCommandItem>
                </EngineCommand>
                <EngineCommand Name="imggp">
                    <EngineCommandItem>
                        <Syntax>
<![CDATA[!imggp <imagebase>]]>
                        </Syntax>
                        <Description>
<![CDATA[Displays GP directory entry for 64-bit image]]>
                        </Description>
                    </EngineCommandItem>
                </EngineCommand>
                <EngineCommand Name="list">
                    <EngineCommandItem>
                        <Syntax>
<![CDATA[!list [-? | parameters]]]>
                        </Syntax>
                        <Description>
<![CDATA[Displays lists]]>
                        </Description>
                    </EngineCommandItem>
                </EngineCommand>
                <EngineCommand Name="obja">
                    <EngineCommandItem>
                        <Syntax>
<![CDATA[!obja <address>]]>
                        </Syntax>
                        <Description>
<![CDATA[Displays OBJECT_ATTRIBUTES[32|64]]]>
                        </Description>
                    </EngineCommandItem>
                </EngineCommand>
                <EngineCommand Name="owner">
                    <EngineCommandItem>
                        <Syntax>
<![CDATA[!owner [symbol!module]]]>
                        </Syntax>
                        <Description>
<![CDATA[Detects owner for current exception or bugcheck from triage.ini]]>
                        </Description>
                    </EngineCommandItem>
                </EngineCommand>
                <EngineCommand Name="solvebucket">
                    <EngineCommandItem>
                        <Syntax>
<![CDATA[!solvebucket]]>
                        </Syntax>
                        <Description>
<![CDATA[Add bucket solution info to database.
The command is available only when "debugger-params" is "DbgportalDb".]]>
                        </Description>
                    </EngineCommandItem>
                </EngineCommand>
                <EngineCommand Name="rtlavl">
                    <EngineCommandItem>
                        <Syntax>
<![CDATA[!rtlavl <address>]]>
                        </Syntax>
                        <Description>
<![CDATA[Displays RTL_AVL_TABLE.]]>
                        </Description>
                    </EngineCommandItem>
                </EngineCommand>
                <EngineCommand Name="std_map">
                    <EngineCommandItem>
                        <Syntax>
<![CDATA[!std_map <address>]]>
                        </Syntax>
                        <Description>

<![CDATA[Displays a std::map<>]]>
                        </Description>
                    </EngineCommandItem>
                </EngineCommand>
                <EngineCommand Name="str">
                    <EngineCommandItem>
                        <Syntax>
<![CDATA[!str <address>]]>
                        </Syntax>
                        <Description>
<![CDATA[Displays ANSI_STRING or OEM_STRING.]]>
                        </Description>
                    </EngineCommandItem>
                </EngineCommand>
                <EngineCommand Name="ustr">
                    <EngineCommandItem>
                        <Syntax>
<![CDATA[!ustr <address>]]>
                        </Syntax>
                        <Description>
<![CDATA[Displays UNICODE_STRING.]]>
                        </Description>
                    </EngineCommandItem>
                </EngineCommand>
            </EngineCommands>
        </BinaryComponent>
    </Components>
</ExtensionPackage>
</ExtensionPackages>
